<?xml version="1.0" encoding="UTF-8"?>
<site>
   <feature url="features/DdsGenerator.feature_1.0.0.201808241128.jar" id="DdsGenerator.feature" version="1.0.0.201808241128">
      <category name="DdsModeler"/>
   </feature>
   <feature url="features/DdsModeler.feature_1.0.0.201808241128.jar" id="DdsModeler.feature" version="1.0.0.201808241128">
      <category name="DdsModeler"/>
   </feature>
   <feature url="features/Java5DdsGenerator.feature_1.0.0.201808241128.jar" id="Java5DdsGenerator.feature" version="1.0.0.201808241128">
      <category name="DdsModeler"/>
   </feature>
   <feature url="features/CppDdsGenerator.feature_1.0.0.201808241128.jar" id="CppDdsGenerator.feature" version="1.0.0.201808241128">
      <category name="DdsModeler"/>
   </feature>
   <category-def name="DdsModeler" label="DDS Modeler">
      <description>
         Update site for a DDS application modeler and code generator.
      </description>
   </category-def>
</site>
